report_id,date_time,injured,killed
20202359,4/24/20 2:30,0,0
20202357,4/23/20 21:00,0,0
20202355,4/23/20 18:33,2,0
20202356,4/23/20 17:50,0,0
20202353,4/23/20 15:44,1,0
20202350,4/23/20 9:45,0,0
20202349,4/23/20 8:36,2,0
20202345,4/22/20 18:50,0,0
20202346,4/22/20 18:40,1,0
20202344,4/22/20 18:05,1,0
20202343,4/22/20 17:46,1,0
20202342,4/22/20 16:28,0,0
20604914,4/22/20 14:54,1,0
20202341,4/22/20 14:42,1,0
20202340,4/22/20 12:15,1,0
20202335,4/21/20 17:45,0,0
20202333,4/21/20 14:27,1,0
20202331,4/21/20 13:25,0,0
20202334,4/21/20 13:00,0,0
20202328,4/21/20 12:00,0,0
20202325,4/21/20 8:18,0,0
20202326,4/21/20 7:30,0,0
20202347,4/21/20 0:00,0,0
20021562,4/20/20 23:37,0,0
20202323,4/20/20 23:10,1,0
20202321,4/20/20 20:36,1,0
20202319,4/20/20 19:18,0,0
20202318,4/20/20 18:20,1,0
20202317,4/20/20 15:34,0,0
20202315,4/20/20 15:00,0,0
20202312,4/20/20 14:50,1,0
20202311,4/20/20 12:57,2,0
20202310,4/20/20 12:30,1,0
20202339,4/20/20 12:11,0,0
20202327,4/20/20 12:00,0,0
20202309,4/20/20 11:05,2,0
20202308,4/20/20 10:41,0,0
20021456,4/20/20 10:40,1,0
20202306,4/20/20 4:45,0,0
20202322,4/20/20 0:00,0,0
20202307,4/19/20 21:00,0,0
20202305,4/19/20 20:52,1,0
20202304,4/19/20 18:01,0,0
20202338,4/19/20 16:21,0,0
20202303,4/19/20 14:40,0,0
20202302,4/19/20 7:24,1,0
20202301,4/19/20 6:22,0,0
20202300,4/19/20 2:04,0,0
20021263,4/19/20 0:02,0,0
20202299,4/18/20 23:57,1,0
20021235,4/18/20 18:52,0,0
20021226,4/18/20 18:23,1,0
20202298,4/18/20 17:48,0,0
20202297,4/18/20 16:25,2,0
20202295,4/18/20 11:01,1,0
20202296,4/18/20 10:49,0,0
20202293,4/18/20 9:04,1,0
20202292,4/18/20 8:52,1,0
20202289,4/18/20 0:34,0,0
20021118,4/18/20 0:31,1,0
20202294,4/18/20 0:30,0,0
20202316,4/18/20 0:00,0,0
20021114,4/17/20 22:53,0,0
20202287,4/17/20 22:16,0,0
20202284,4/17/20 20:43,0,0
20202283,4/17/20 19:51,0,0
20202281,4/17/20 16:28,1,0
20202280,4/17/20 14:46,1,0
20202285,4/17/20 14:00,0,0
20202278,4/17/20 13:40,0,0
20202277,4/17/20 11:23,1,0
20202291,4/17/20 11:20,1,0
20202276,4/17/20 9:58,0,0
20202274,4/17/20 7:25,2,0
20020994,4/17/20 6:22,1,0
20202288,4/17/20 2:30,0,0
20202286,4/17/20 2:30,0,0
20202272,4/17/20 0:34,0,0
20202271,4/16/20 22:58,0,0
20202270,4/16/20 20:25,1,0
20202269,4/16/20 19:20,0,0
20202268,4/16/20 15:39,0,0
20202267,4/16/20 15:05,0,0
20202265,4/16/20 13:14,1,0
20202264,4/16/20 12:58,1,0
20202313,4/16/20 11:00,0,0
20202263,4/16/20 4:30,1,0
20202262,4/16/20 2:24,0,0
20202260,4/15/20 22:58,1,0
20202258,4/15/20 20:08,2,0
20020777,4/15/20 19:58,1,0
20202256,4/15/20 16:20,0,0
20202261,4/15/20 15:30,1,0
20202255,4/15/20 15:30,2,0
20202252,4/15/20 11:13,1,0
20202259,4/15/20 10:49,5,0
20202251,4/15/20 10:00,2,0
20202249,4/15/20 8:47,2,0
20202248,4/15/20 7:55,0,0
20202250,4/15/20 6:15,0,0
20202282,4/14/20 23:30,0,0
20202246,4/14/20 23:03,0,0
20202245,4/14/20 22:15,2,0
20202242,4/14/20 19:52,0,0
20202254,4/14/20 19:18,0,0
20202241,4/14/20 18:42,0,0
20202240,4/14/20 17:40,2,0
20202239,4/14/20 17:00,2,0
20202237,4/14/20 15:11,1,0
20202234,4/14/20 13:41,0,0
20202238,4/14/20 13:17,0,0
20202235,4/14/20 11:00,0,0
20202233,4/14/20 9:00,1,0
20020506,4/14/20 4:38,0,0
20202236,4/14/20 0:01,0,0
20202232,4/13/20 20:20,0,0
20202231,4/13/20 20:00,1,0
20202230,4/13/20 19:21,1,0
20202228,4/13/20 15:29,0,0
20202227,4/13/20 14:19,1,0
20202223,4/13/20 11:51,0,0
20202222,4/13/20 9:37,1,0
20202244,4/13/20 0:00,0,0
20202225,4/12/20 22:50,0,0
20020295,4/12/20 21:36,0,0
20202221,4/12/20 17:45,0,0
20202219,4/12/20 15:33,0,0
20202220,4/12/20 15:13,1,0
20202217,4/12/20 4:10,0,0
20202218,4/12/20 2:00,0,0
20202216,4/11/20 22:00,0,0
20202215,4/11/20 20:42,1,0
20020144,4/11/20 20:32,0,0
20202226,4/11/20 20:00,0,0
20202213,4/11/20 19:49,1,0
20202214,4/11/20 19:39,1,0
20020139,4/11/20 19:00,1,0
20202212,4/11/20 17:55,2,0
20020103,4/11/20 16:10,2,0
20202224,4/11/20 15:00,0,0
20202210,4/11/20 11:55,1,0
20202209,4/11/20 10:45,0,0
20202208,4/11/20 10:45,0,0
20202257,4/11/20 10:30,0,0
20202206,4/11/20 10:05,0,0
20202229,4/11/20 10:00,0,0
20202205,4/11/20 8:55,1,0
20202204,4/11/20 8:00,1,0
20202202,4/11/20 1:02,0,0
20202203,4/11/20 0:00,0,0
20202201,4/10/20 21:05,0,0
20202200,4/10/20 20:21,0,0
20202199,4/10/20 19:20,2,0
20202198,4/10/20 18:23,2,0
20202196,4/10/20 16:12,0,0
20202195,4/10/20 15:56,2,0
20202191,4/10/20 7:53,1,2
20202190,4/10/20 7:18,1,0
20019887,4/10/20 4:13,0,0
20202194,4/10/20 2:36,0,0
20019877,4/10/20 0:57,0,0
20019866,4/9/20 22:00,0,0
20202189,4/9/20 21:13,0,0
20202186,4/9/20 16:55,0,0
20202188,4/9/20 16:07,2,0
20202185,4/9/20 15:14,0,0
20202184,4/9/20 14:56,1,0
20202182,4/9/20 14:36,0,0
20202183,4/9/20 14:30,1,0
20202192,4/9/20 13:45,0,0
20019739,4/9/20 1:50,1,0
20202181,4/9/20 0:01,0,0
20202179,4/8/20 22:10,1,0
20202178,4/8/20 21:22,1,0
20202177,4/8/20 19:15,1,0
20202172,4/8/20 15:15,1,0
20202175,4/8/20 15:00,0,0
20202171,4/8/20 13:50,0,0
20202170,4/8/20 13:33,1,0
20202173,4/8/20 12:30,0,0
20202169,4/8/20 12:00,0,0
20202180,4/8/20 11:15,0,0
20019571,4/8/20 0:30,0,0
20202243,4/8/20 0:00,0,0
20021111,4/7/20 23:12,1,0
20019582,4/7/20 22:09,1,0
20202168,4/7/20 21:30,0,0
20202166,4/7/20 21:15,1,0
20019550,4/7/20 21:02,3,0
20019543,4/7/20 19:42,1,0
20202167,4/7/20 18:53,0,0
20202164,4/7/20 16:47,0,0
20202162,4/7/20 16:38,1,0
20202160,4/7/20 15:12,1,0
20202163,4/7/20 14:19,0,0
20202158,4/7/20 11:18,0,0
20202156,4/7/20 3:52,0,0
20202159,4/7/20 1:32,1,0
20202161,4/7/20 0:01,0,0
20202155,4/6/20 23:10,0,0
20202154,4/6/20 22:15,1,0
20202153,4/6/20 19:44,1,0
20202165,4/6/20 19:00,0,0
20202150,4/6/20 16:20,2,0
20019340,4/6/20 16:03,0,0
20202149,4/6/20 15:41,1,0
20202147,4/6/20 15:00,1,0
20202146,4/6/20 13:20,1,0
20202145,4/6/20 12:20,0,0
20202143,4/6/20 11:05,1,0
20202144,4/6/20 11:05,0,0
20202141,4/6/20 9:00,0,0
20202152,4/6/20 4:06,0,0
20202151,4/6/20 0:00,0,0
20202142,4/6/20 0:00,0,0
20202140,4/5/20 17:30,0,0
20202157,4/5/20 12:15,1,0
20202138,4/5/20 12:00,0,0
20202136,4/5/20 10:58,0,0
20202135,4/5/20 10:26,1,0
20202134,4/5/20 9:00,0,0
20019112,4/5/20 6:56,0,0
20202133,4/5/20 5:30,0,0
20202197,4/5/20 0:01,0,0
20202139,4/5/20 0:00,0,0
20202132,4/4/20 20:14,1,0
20202131,4/4/20 17:55,0,0
20019041,4/4/20 17:31,0,0
20202130,4/4/20 15:43,1,0
20202129,4/4/20 14:51,0,0
20202137,4/4/20 14:15,0,0
20202128,4/4/20 14:10,2,0
20202126,4/4/20 13:40,1,0
20202127,4/4/20 13:05,0,0
20202124,4/4/20 12:10,0,0
20202123,4/4/20 11:40,1,0
20018998,4/4/20 11:40,0,0
20202121,4/4/20 10:47,0,0
20021066,4/4/20 8:00,0,0
20018947,4/4/20 1:40,0,0
20202120,4/3/20 20:30,0,0
20018918,4/3/20 19:31,0,0
20202116,4/3/20 18:25,0,0
20202117,4/3/20 18:15,2,0
20202115,4/3/20 18:00,1,0
20018893,4/3/20 17:09,0,0
20202113,4/3/20 16:25,1,0
20202114,4/3/20 15:11,3,0
20018864,4/3/20 13:50,0,0
20202112,4/3/20 10:55,0,1
20202108,4/3/20 7:43,1,0
20202107,4/3/20 5:05,0,0
20202111,4/3/20 3:48,0,0
20018780,4/3/20 2:00,0,0
20202105,4/2/20 22:30,0,0
20018910,4/2/20 22:00,1,0
20202103,4/2/20 19:15,0,0
20018743,4/2/20 19:14,0,0
20018737,4/2/20 19:10,0,0
20202102,4/2/20 18:50,0,0
20202101,4/2/20 17:15,1,0
20202100,4/2/20 16:42,1,0
20202099,4/2/20 15:34,2,0
20202098,4/2/20 14:35,0,0
20202095,4/2/20 14:10,0,0
20202092,4/2/20 8:31,0,0
20018641,4/2/20 7:27,0,0
20202091,4/2/20 4:31,2,0
20202097,4/2/20 0:01,0,0
20202110,4/2/20 0:00,0,0
20202106,4/1/20 20:00,1,0
20202090,4/1/20 19:01,3,0
20202089,4/1/20 18:34,1,0
20202104,4/1/20 16:05,2,0
20202088,4/1/20 14:57,1,0
20018508,4/1/20 12:37,0,0
20018594,4/1/20 11:20,1,0
20202084,4/1/20 6:00,1,0
20202085,4/1/20 5:30,2,0
20202083,4/1/20 3:10,1,0
19201095,4/30/19 23:55,0,0
192450,4/30/19 18:16,1,0
19201093,4/30/19 17:36,1,0
192495,4/30/19 17:25,0,0
19201094,4/30/19 17:17,1,0
192537,4/30/19 17:00,0,0
192449,4/30/19 16:53,1,0
192975,4/30/19 15:40,0,0
19201092,4/30/19 15:14,1,0
19201091,4/30/19 14:39,0,0
192560,4/30/19 14:00,0,0
19201090,4/30/19 13:27,3,0
192617,4/30/19 10:23,1,0
19201088,4/30/19 9:59,4,0
19201085,4/30/19 9:37,1,0
192441,4/30/19 9:00,0,0
19201084,4/30/19 8:45,2,0
19201083,4/30/19 8:30,1,0
192576,4/30/19 8:18,1,0
19201082,4/30/19 8:10,1,0
19201081,4/30/19 7:50,1,0
192487,4/30/19 3:25,0,0
19014440,4/30/19 0:38,0,0
19201080,4/30/19 0:15,1,0
19201079,4/30/19 0:09,1,0
192481,4/29/19 23:10,0,0
192456,4/29/19 22:10,1,0
19201078,4/29/19 20:25,2,0
192446,4/29/19 18:00,0,0
192488,4/29/19 17:48,0,0
192445,4/29/19 16:31,0,0
19201077,4/29/19 14:32,1,0
192455,4/29/19 14:00,1,0
19201074,4/29/19 12:55,0,0
192673,4/29/19 12:10,0,0
19201075,4/29/19 11:00,0,0
193500,4/29/19 10:27,2,0
19201197,4/29/19 8:35,1,0
192505,4/29/19 7:40,1,0
192517,4/29/19 6:55,0,0
192664,4/29/19 3:05,0,0
192447,4/29/19 0:13,0,0
19201073,4/29/19 0:00,0,0
19201089,4/28/19 22:15,0,0
19201070,4/28/19 20:01,1,0
192440,4/28/19 18:00,0,0
192408,4/28/19 17:04,1,0
192390,4/28/19 15:52,0,0
19201069,4/28/19 15:11,1,0
192451,4/28/19 14:53,1,0
19201066,4/28/19 13:26,1,0
192388,4/28/19 12:49,0,0
192409,4/28/19 12:16,2,0
192527,4/28/19 12:00,1,0
192439,4/28/19 12:00,0,0
192448,4/28/19 11:30,1,0
19201071,4/28/19 10:30,1,0
19201067,4/28/19 10:05,4,0
192389,4/28/19 8:30,0,0
192452,4/28/19 8:16,1,0
19014209,4/28/19 2:10,0,0
19014200,4/28/19 1:30,0,0
192902,4/28/19 0:40,0,0
192458,4/28/19 0:01,0,0
19201062,4/27/19 23:59,0,0
19201061,4/27/19 22:51,1,0
192395,4/27/19 21:10,0,0
19201102,4/27/19 18:40,0,0
192496,4/27/19 18:00,0,0
19201060,4/27/19 15:15,2,0
192404,4/27/19 15:13,1,0
19201059,4/27/19 15:00,0,0
192397,4/27/19 15:00,0,0
192405,4/27/19 13:29,2,0
19201086,4/27/19 12:15,0,0
19201189,4/27/19 7:45,0,0
192402,4/27/19 3:55,0,0
19201058,4/27/19 3:00,0,0
192398,4/27/19 2:30,0,0
192443,4/27/19 1:00,0,0
192544,4/27/19 0:01,0,0
19201056,4/26/19 23:39,1,0
19201055,4/26/19 22:53,0,0
192401,4/26/19 22:30,1,0
192494,4/26/19 21:48,2,0
19201054,4/26/19 21:30,1,0
19201057,4/26/19 21:14,1,0
192387,4/26/19 20:39,0,0
192444,4/26/19 20:00,0,0
19201053,4/26/19 18:20,3,0
19201052,4/26/19 18:10,1,0
19201051,4/26/19 17:58,0,0
19014046,4/26/19 17:39,1,0
192406,4/26/19 16:20,1,0
19201050,4/26/19 15:51,1,0
19201048,4/26/19 15:47,1,0
192482,4/26/19 14:42,0,0
192371,4/26/19 14:30,0,0
192410,4/26/19 13:13,1,0
192411,4/26/19 13:04,1,0
19201047,4/26/19 12:52,1,0
19201046,4/26/19 12:21,2,0
19201043,4/26/19 12:01,1,0
19201042,4/26/19 11:39,0,0
19201045,4/26/19 11:30,1,0
19201040,4/26/19 8:50,1,0
19201039,4/26/19 8:18,2,0
192392,4/26/19 7:15,0,0
19201049,4/26/19 4:56,1,0
19201036,4/26/19 0:30,1,0
192378,4/26/19 0:22,1,0
19013929,4/26/19 0:20,0,0
19201035,4/25/19 22:01,1,0
19201038,4/25/19 22:00,0,0
192383,4/25/19 21:40,0,0
192403,4/25/19 20:55,1,0
192374,4/25/19 20:54,0,0
192522,4/25/19 20:50,0,0
19201034,4/25/19 20:40,1,0
19201037,4/25/19 20:35,0,1
19201033,4/25/19 19:00,1,0
19201032,4/25/19 18:59,1,0
192380,4/25/19 17:26,0,0
192890,4/25/19 16:00,1,0
19201031,4/25/19 12:54,1,0
19201030,4/25/19 12:45,1,0
19201028,4/25/19 11:25,1,0
19201026,4/25/19 8:57,0,0
19201025,4/25/19 8:40,0,0
19201027,4/25/19 7:59,1,0
192412,4/25/19 7:00,1,0
192375,4/25/19 0:01,0,0
19201041,4/25/19 0:01,0,0
19201029,4/25/19 0:00,1,0
19013764,4/24/19 20:04,0,0
192376,4/24/19 18:05,0,0
192391,4/24/19 18:00,0,0
192396,4/24/19 18:00,1,0
19201024,4/24/19 17:58,1,0
192381,4/24/19 15:12,1,0
192372,4/24/19 14:22,1,0
19201023,4/24/19 14:14,0,0
19013697,4/24/19 13:45,0,0
19201021,4/24/19 13:35,0,0
19201019,4/24/19 12:42,1,0
19201017,4/24/19 12:20,0,0
19201022,4/24/19 12:14,2,0
19201018,4/24/19 12:00,0,0
19201016,4/24/19 10:35,0,0
192373,4/24/19 9:25,1,0
19013637,4/24/19 7:30,0,0
19201013,4/24/19 7:15,2,0
19201012,4/24/19 7:04,1,0
192356,4/24/19 4:16,1,0
192367,4/24/19 1:15,0,0
192393,4/23/19 22:25,0,0
192464,4/23/19 22:11,0,0
19013606,4/23/19 21:40,0,0
192359,4/23/19 20:52,1,0
192360,4/23/19 20:40,2,0
192368,4/23/19 20:33,0,0
19201011,4/23/19 20:06,0,0
192744,4/23/19 19:00,1,0
19201008,4/23/19 17:23,1,0
19201009,4/23/19 17:18,0,0
19201007,4/23/19 15:35,1,0
192355,4/23/19 15:32,1,0
19201005,4/23/19 14:33,2,0
19201006,4/23/19 14:30,0,0
19201002,4/23/19 11:53,0,0
19201004,4/23/19 10:30,0,0
19201001,4/23/19 9:48,0,0
19201072,4/23/19 8:00,0,0
19201020,4/23/19 7:00,0,0
19200997,4/23/19 5:45,1,0
19201000,4/23/19 0:00,0,0
19200996,4/22/19 21:27,1,0
19013454,4/22/19 21:19,1,0
19200994,4/22/19 21:02,1,0
192454,4/22/19 19:51,1,0
19200995,4/22/19 19:08,2,0
19200993,4/22/19 18:35,1,0
19200992,4/22/19 16:06,0,0
19013420,4/22/19 15:30,0,0
192353,4/22/19 14:54,1,0
192737,4/22/19 14:40,0,0
19200990,4/22/19 14:24,0,0
19200989,4/22/19 13:40,2,0
19200998,4/22/19 13:00,1,0
192348,4/22/19 13:00,0,0
19200987,4/22/19 11:52,0,0
192509,4/22/19 11:30,1,0
192362,4/22/19 11:21,1,0
192407,4/22/19 10:31,1,0
19200984,4/22/19 7:36,0,0
19200986,4/22/19 7:23,0,0
192345,4/22/19 7:00,0,0
19200983,4/22/19 6:55,0,0
192343,4/22/19 6:00,0,0
19200982,4/22/19 5:17,0,0
19201064,4/22/19 1:54,0,0
192335,4/22/19 1:36,0,0
19200999,4/22/19 0:00,0,0
192319,4/21/19 23:54,2,0
192328,4/21/19 23:40,1,0
192352,4/21/19 22:05,1,0
19200980,4/21/19 21:00,0,0
19200978,4/21/19 19:19,3,0
19200979,4/21/19 19:10,0,0
19200981,4/21/19 18:37,1,0
192477,4/21/19 17:35,0,0
192476,4/21/19 17:35,0,0
192596,4/21/19 16:20,0,0
19200976,4/21/19 15:37,1,0
19200975,4/21/19 15:33,1,0
19200973,4/21/19 15:30,1,0
192377,4/21/19 14:30,0,0
19201015,4/21/19 14:27,0,0
19200971,4/21/19 13:40,1,0
19200972,4/21/19 13:34,0,0
192705,4/21/19 12:20,1,0
192289,4/21/19 11:17,0,0
192325,4/21/19 11:07,3,0
192324,4/21/19 10:00,3,0
192295,4/21/19 9:50,0,0
192292,4/21/19 7:45,0,0
19200969,4/21/19 3:20,2,0
192633,4/21/19 3:20,0,0
19200968,4/21/19 2:38,0,0
19200977,4/21/19 1:49,0,0
192291,4/21/19 0:50,0,0
192284,4/21/19 0:30,0,0
19200965,4/21/19 0:19,1,0
192363,4/21/19 0:12,1,0
192329,4/21/19 0:05,1,0
19200966,4/20/19 23:20,0,0
19200963,4/20/19 23:07,1,0
19200967,4/20/19 22:47,2,0
19200964,4/20/19 22:35,0,0
192316,4/20/19 21:32,1,0
192290,4/20/19 21:00,0,0
192358,4/20/19 20:37,2,0
192344,4/20/19 20:00,0,0
192314,4/20/19 18:37,0,0
192386,4/20/19 18:20,0,0
19013197,4/20/19 17:02,0,0
19200961,4/20/19 16:12,0,0
19200959,4/20/19 15:15,1,0
192579,4/20/19 14:40,0,0
19200960,4/20/19 13:00,0,0
19200958,4/20/19 12:15,1,0
19200957,4/20/19 12:08,0,0
19200956,4/20/19 11:20,1,0
192609,4/20/19 10:00,1,0
192648,4/20/19 9:00,0,0
19200954,4/20/19 3:02,0,0
192564,4/20/19 2:17,0,0
19013124,4/20/19 2:10,0,0
192333,4/20/19 0:05,1,0
19200970,4/20/19 0:00,0,0
19200955,4/20/19 0:00,0,0
19200985,4/20/19 0:00,0,0
192382,4/19/19 23:14,1,0
192293,4/19/19 20:50,0,0
19200951,4/19/19 20:40,2,0
19200953,4/19/19 20:36,0,0
192327,4/19/19 20:12,1,0
192394,4/19/19 20:09,3,0
192313,4/19/19 19:28,1,0
192478,4/19/19 18:55,0,0
192296,4/19/19 17:01,0,0
19201220,4/19/19 17:00,0,0
19200946,4/19/19 16:05,0,0
192283,4/19/19 15:54,0,0
19200949,4/19/19 15:22,0,0
19200950,4/19/19 15:09,1,0
192318,4/19/19 14:30,1,0
19200945,4/19/19 13:50,1,0
19201300,4/19/19 13:25,0,0
192323,4/19/19 13:22,1,0
192413,4/19/19 13:20,1,0
192354,4/19/19 12:30,0,0
192326,4/19/19 11:43,1,0
19200944,4/19/19 11:35,1,0
19201299,4/19/19 10:45,0,0
19201298,4/19/19 9:40,0,0
19200941,4/19/19 7:32,0,0
19200940,4/19/19 7:25,0,0
192347,4/19/19 5:45,0,0
19200939,4/19/19 5:38,0,0
19200942,4/19/19 5:14,0,0
19200938,4/19/19 2:01,1,0
192334,4/19/19 0:08,0,0
192784,4/19/19 0:01,0,0
19200948,4/19/19 0:00,0,0
192473,4/18/19 22:25,1,0
192346,4/18/19 22:20,0,0
192379,4/18/19 21:50,1,0
192281,4/18/19 21:00,0,0
192336,4/18/19 19:43,0,0
192369,4/18/19 17:10,0,0
192276,4/18/19 15:40,0,0
19200937,4/18/19 15:09,4,0
192555,4/18/19 15:00,0,0
19200936,4/18/19 12:25,1,0
193304,4/18/19 11:11,1,0
19200935,4/18/19 11:06,1,0
192280,4/18/19 10:30,1,0
19200933,4/18/19 7:24,2,0
192278,4/18/19 2:21,1,0
19200952,4/18/19 1:34,1,0
192294,4/18/19 0:01,0,0
19200934,4/18/19 0:00,0,0
19201014,4/18/19 0:00,0,0
192549,4/17/19 23:05,0,0
19200931,4/17/19 22:44,0,0
192274,4/17/19 22:25,1,0
19200930,4/17/19 21:56,1,0
192272,4/17/19 21:17,0,0
192287,4/17/19 21:00,0,0
192273,4/17/19 20:35,1,0
192312,4/17/19 20:00,1,0
192271,4/17/19 19:42,2,0
192265,4/17/19 19:26,0,0
192565,4/17/19 18:30,0,0
192652,4/17/19 18:16,0,0
192266,4/17/19 17:10,0,0
192279,4/17/19 17:00,3,0
19200928,4/17/19 16:49,0,0
19200927,4/17/19 16:30,1,0
192262,4/17/19 16:06,1,0
192269,4/17/19 15:06,0,0
19200929,4/17/19 14:50,1,0
19012782,4/17/19 14:37,2,0
19200926,4/17/19 14:34,1,0
192275,4/17/19 12:25,0,0
19200922,4/17/19 12:20,0,0
19200918,4/17/19 10:44,0,0
192308,4/17/19 9:02,0,0
19200921,4/17/19 8:40,0,0
19200932,4/17/19 8:39,1,0
19200916,4/17/19 7:42,2,0
19200914,4/17/19 7:35,1,0
192310,4/17/19 7:12,1,0
19200915,4/17/19 7:10,1,0
192690,4/17/19 6:50,0,0
192285,4/17/19 0:01,0,0
192270,4/17/19 0:00,1,0
19200913,4/16/19 23:15,1,0
19200911,4/16/19 21:01,1,0
19200912,4/16/19 20:58,2,0
192252,4/16/19 20:02,0,0
192261,4/16/19 18:50,0,0
192257,4/16/19 17:45,1,0
192253,4/16/19 17:00,0,0
192304,4/16/19 17:00,0,0
19201206,4/16/19 17:00,0,0
192349,4/16/19 14:43,0,0
19200909,4/16/19 14:30,0,0
192239,4/16/19 12:20,0,0
192361,4/16/19 12:20,1,0
19200907,4/16/19 11:38,0,0
19200906,4/16/19 9:53,0,0
192532,4/16/19 9:40,0,0
192256,4/16/19 8:30,1,0
192238,4/16/19 8:30,0,0
19200905,4/16/19 8:05,1,0
19200903,4/16/19 6:33,0,0
192631,4/16/19 0:01,0,0
19200924,4/16/19 0:00,0,0
192241,4/15/19 22:14,0,0
19200920,4/15/19 21:40,0,0
19200902,4/15/19 21:39,2,0
19200901,4/15/19 20:45,1,0
192531,4/15/19 19:30,0,0
192260,4/15/19 17:30,1,0
192259,4/15/19 15:01,1,0
192248,4/15/19 14:30,0,0
192249,4/15/19 11:45,0,0
192242,4/15/19 10:30,0,0
19200898,4/15/19 10:04,0,0
19200897,4/15/19 9:30,1,0
19012446,4/15/19 8:00,0,0
19200896,4/15/19 8:00,0,0
192246,4/15/19 7:35,0,0
192218,4/15/19 0:28,1,0
192200,4/14/19 22:25,1,0
192322,4/14/19 20:40,1,0
19200893,4/14/19 19:41,1,0
19200895,4/14/19 19:40,0,0
192277,4/14/19 19:00,0,0
19200894,4/14/19 18:03,1,0
192315,4/14/19 17:58,1,0
19200892,4/14/19 17:16,6,0
19200891,4/14/19 16:08,1,0
19200925,4/14/19 15:20,0,0
192288,4/14/19 13:39,0,0
19200887,4/14/19 12:40,1,0
19200888,4/14/19 12:30,4,0
19200889,4/14/19 11:37,1,0
192282,4/14/19 11:15,0,0
19200885,4/14/19 10:53,0,0
19200884,4/14/19 10:51,1,0
192169,4/14/19 10:20,0,0
192220,4/14/19 9:40,0,0
192330,4/14/19 9:25,1,0
19200883,4/14/19 7:30,1,0
192166,4/14/19 7:00,0,0
19200881,4/14/19 4:14,1,0
19200879,4/14/19 2:15,0,0
19200878,4/14/19 1:20,1,0
192309,4/14/19 0:45,1,0
192185,4/14/19 0:37,0,0
19200890,4/14/19 0:17,1,0
19200880,4/14/19 0:09,1,0
192523,4/13/19 22:45,0,0
192168,4/13/19 22:08,0,0
192188,4/13/19 21:34,0,0
19012292,4/13/19 19:02,0,0
192206,4/13/19 18:53,1,0
192184,4/13/19 17:35,0,0
192196,4/13/19 16:09,0,0
192197,4/13/19 16:00,2,0
19200877,4/13/19 15:35,1,0
19012270,4/13/19 15:28,0,0
19200875,4/13/19 14:11,0,0
192250,4/13/19 13:50,0,0
19200876,4/13/19 13:30,0,0
19200874,4/13/19 12:33,0,0
19200899,4/13/19 12:00,0,0
19202565,4/13/19 12:00,0,0
192258,4/13/19 10:20,1,0
192365,4/13/19 7:06,1,0
192164,4/13/19 6:32,0,0
19200871,4/13/19 1:20,0,0
192385,4/12/19 22:00,0,0
192205,4/12/19 21:08,1,0
192321,4/12/19 20:38,1,0
192165,4/12/19 20:16,0,0
19200873,4/12/19 19:00,0,0
19200869,4/12/19 18:25,1,0
19200882,4/12/19 18:10,0,0
192219,4/12/19 18:08,0,0
192189,4/12/19 17:23,1,0
192147,4/12/19 17:00,0,0
19200868,4/12/19 16:45,1,0
192210,4/12/19 16:10,1,0
192247,4/12/19 15:00,0,0
192199,4/12/19 14:51,1,0
19200866,4/12/19 14:09,0,0
19200865,4/12/19 14:00,0,0
19200943,4/12/19 13:23,1,0
19200864,4/12/19 12:31,2,0
19200904,4/12/19 12:12,0,0
19200862,4/12/19 11:35,0,0
19200867,4/12/19 10:57,0,0
19200863,4/12/19 10:56,1,0
19200861,4/12/19 10:27,1,0
192167,4/12/19 8:17,0,0
19200860,4/12/19 7:59,0,0
19200859,4/12/19 6:58,1,0
19200858,4/12/19 6:50,0,0
19200857,4/12/19 3:50,1,0
19200856,4/12/19 0:35,0,0
192237,4/12/19 0:01,0,0
192158,4/11/19 23:48,0,0
192267,4/11/19 21:32,1,0
192148,4/11/19 21:21,0,0
19200855,4/11/19 21:08,1,0
192150,4/11/19 21:00,0,0
19200853,4/11/19 20:05,2,0
192149,4/11/19 20:00,0,0
192182,4/11/19 19:51,0,0
19200851,4/11/19 19:12,1,0
192131,4/11/19 19:02,0,0
19200850,4/11/19 18:36,1,0
19201514,4/11/19 18:00,0,0
19200852,4/11/19 17:00,0,0
192351,4/11/19 16:48,0,0
192156,4/11/19 16:35,0,0
19200854,4/11/19 16:18,2,0
19200849,4/11/19 16:11,1,0
192142,4/11/19 14:50,1,0
19200847,4/11/19 14:05,1,0
192263,4/11/19 13:30,0,0
19200846,4/11/19 13:15,1,0
19200848,4/11/19 13:14,0,0
19200845,4/11/19 11:56,2,0
192162,4/11/19 11:48,1,0
192212,4/11/19 11:08,3,0
192192,4/11/19 10:00,2,0
19200844,4/11/19 10:00,0,0
19200843,4/11/19 9:31,1,0
192180,4/11/19 8:15,0,0
192155,4/11/19 8:00,0,0
19200842,4/11/19 7:50,1,0
192172,4/11/19 7:35,0,0
192720,4/11/19 7:30,0,0
192133,4/11/19 7:30,0,0
192179,4/11/19 7:10,0,0
192163,4/11/19 6:34,3,0
192135,4/11/19 5:30,0,0
19200908,4/11/19 0:00,0,0
192141,4/10/19 23:38,1,0
19200841,4/10/19 22:30,0,0
19011931,4/10/19 21:26,1,0
192190,4/10/19 20:12,2,0
192193,4/10/19 20:07,1,0
192136,4/10/19 20:00,0,0
192129,4/10/19 19:42,0,0
192203,4/10/19 19:34,1,0
19200840,4/10/19 18:56,1,0
19200838,4/10/19 17:40,1,0
19200836,4/10/19 17:23,4,0
192159,4/10/19 16:55,1,0
192204,4/10/19 16:41,1,0
19200835,4/10/19 16:31,2,0
192144,4/10/19 16:25,1,0
19200837,4/10/19 15:09,0,0
192153,4/10/19 14:58,0,0
192152,4/10/19 13:00,0,0
192134,4/10/19 11:42,0,0
19200833,4/10/19 11:40,0,0
19200834,4/10/19 11:15,1,0
19200832,4/10/19 10:04,1,0
192178,4/10/19 9:45,0,0
192317,4/10/19 9:19,2,0
192215,4/10/19 7:29,1,0
192140,4/10/19 7:22,2,0
192120,4/10/19 7:00,1,0
19200830,4/10/19 6:52,0,0
19200829,4/10/19 6:35,1,0
19200839,4/10/19 5:15,1,0
192320,4/10/19 3:55,0,0
192111,4/10/19 1:57,0,0
19200828,4/9/19 22:56,1,0
192154,4/9/19 22:30,0,0
19200827,4/9/19 19:26,1,0
19202628,4/9/19 17:53,1,0
19200825,4/9/19 16:48,3,0
192108,4/9/19 16:41,0,0
19200824,4/9/19 16:00,0,0
192132,4/9/19 15:00,0,0
19200823,4/9/19 13:40,0,0
19200822,4/9/19 13:35,3,0
19200819,4/9/19 12:35,2,0
19200818,4/9/19 12:20,2,0
19200820,4/9/19 11:20,2,0
19200817,4/9/19 10:49,0,0
19200815,4/9/19 9:27,1,0
192101,4/9/19 8:00,0,0
192106,4/9/19 7:30,0,0
192118,4/9/19 7:08,1,0
192062,4/9/19 6:35,0,0
192130,4/9/19 6:30,0,0
192400,4/9/19 2:36,1,0
192350,4/9/19 0:01,0,0
19200900,4/9/19 0:00,0,0
192055,4/8/19 23:40,1,0
192126,4/8/19 22:22,1,0
19200814,4/8/19 21:57,2,0
192113,4/8/19 21:06,0,0
192119,4/8/19 21:00,1,0
19200821,4/8/19 21:00,0,0
192124,4/8/19 20:47,1,0
19200813,4/8/19 20:37,2,0
19200810,4/8/19 19:38,1,0
192121,4/8/19 18:34,0,0
192086,4/8/19 18:15,1,0
19200808,4/8/19 17:59,1,0
192461,4/8/19 17:49,0,0
19200809,4/8/19 17:41,1,0
192054,4/8/19 17:25,0,0
19200806,4/8/19 16:40,0,0
192084,4/8/19 16:09,2,0
19200807,4/8/19 16:05,1,0
19200812,4/8/19 16:00,1,0
19200805,4/8/19 16:00,1,0
192138,4/8/19 14:00,0,0
19200802,4/8/19 13:56,3,0
19200801,4/8/19 12:40,1,0
192123,4/8/19 9:07,2,0
192059,4/8/19 8:58,0,0
19200799,4/8/19 8:23,1,0
19200797,4/8/19 7:55,1,0
19200798,4/8/19 7:02,1,0
192090,4/8/19 5:58,1,0
192160,4/8/19 2:18,1,0
19201003,4/8/19 0:00,0,0
19200811,4/8/19 0:00,0,0
192077,4/7/19 23:40,0,0
192072,4/7/19 22:50,1,0
192208,4/7/19 22:30,1,0
192102,4/7/19 21:45,0,0
192057,4/7/19 21:30,0,0
192470,4/7/19 19:35,2,0
192078,4/7/19 19:15,0,0
192364,4/7/19 18:20,1,0
192083,4/7/19 18:20,1,0
192107,4/7/19 18:10,0,0
192211,4/7/19 18:03,3,0
192061,4/7/19 18:00,0,0
19200795,4/7/19 17:45,0,0
19200793,4/7/19 17:43,0,0
19200794,4/7/19 17:43,0,0
192085,4/7/19 17:41,1,0
192041,4/7/19 16:30,1,0
192122,4/7/19 15:45,0,0
19200791,4/7/19 15:40,0,0
19200790,4/7/19 15:16,1,0
192201,4/7/19 15:15,0,0
19200872,4/7/19 12:13,2,0
19200789,4/7/19 12:03,1,0
19200788,4/7/19 11:25,4,0
192037,4/7/19 11:00,1,0
19200787,4/7/19 9:56,0,0
192038,4/7/19 9:10,1,0
19200785,4/7/19 6:50,1,0
192217,4/7/19 6:40,2,0
19200786,4/7/19 6:30,0,0
192058,4/7/19 3:00,0,0
19200783,4/7/19 2:37,0,0
192207,4/7/19 2:10,1,0
192082,4/7/19 1:54,1,0
192022,4/7/19 1:15,0,0
19200780,4/7/19 1:01,1,0
192076,4/7/19 1:00,0,0
192100,4/7/19 0:01,0,0
19200782,4/7/19 0:00,0,0
192066,4/6/19 22:53,0,0
192331,4/6/19 22:40,1,0
192366,4/6/19 22:30,0,0
192063,4/6/19 22:08,0,0
192040,4/6/19 21:52,2,0
192137,4/6/19 21:28,0,0
19200777,4/6/19 20:00,1,0
192264,4/6/19 19:40,1,0
192093,4/6/19 19:24,2,0
192096,4/6/19 19:20,2,0
19200776,4/6/19 18:47,1,0
192044,4/6/19 16:45,0,0
192039,4/6/19 16:20,1,0
192087,4/6/19 15:49,0,0
192171,4/6/19 15:30,0,0
192174,4/6/19 14:40,0,0
192097,4/6/19 13:52,1,0
192028,4/6/19 13:30,0,0
192020,4/6/19 11:48,1,0
19201253,4/6/19 11:00,0,0
192026,4/6/19 10:52,1,0
192034,4/6/19 10:50,1,0
19200774,4/6/19 10:30,1,0
19200775,4/6/19 8:36,1,0
192065,4/6/19 8:35,1,0
192105,4/6/19 8:30,0,0
192079,4/6/19 7:28,0,0
19200773,4/6/19 7:26,1,0
19200772,4/6/19 3:55,0,0
19200778,4/6/19 1:52,1,0
192297,4/6/19 1:50,0,0
19200771,4/6/19 1:33,0,0
192146,4/6/19 0:18,3,0
192089,4/6/19 0:15,0,0
192027,4/6/19 0:01,0,0
19200779,4/6/19 0:00,0,0
19200831,4/6/19 0:00,0,0
19200784,4/5/19 23:41,1,0
192088,4/5/19 20:01,1,0
192032,4/5/19 20:00,1,0
19200769,4/5/19 18:30,0,0
19200767,4/5/19 17:07,1,0
192046,4/5/19 16:51,2,0
19200768,4/5/19 16:27,0,0
192592,4/5/19 15:05,2,0
19200763,4/5/19 14:42,2,0
192094,4/5/19 14:18,0,0
19200804,4/5/19 14:00,0,0
19200765,4/5/19 13:27,1,0
192198,4/5/19 13:16,2,0
192023,4/5/19 13:10,0,0
19011227,4/5/19 12:45,0,0
19200796,4/5/19 12:09,0,0
19200760,4/5/19 11:40,1,0
192213,4/5/19 11:39,3,0
19200758,4/5/19 10:45,0,0
19200759,4/5/19 10:30,0,0
19200757,4/5/19 10:15,1,0
192117,4/5/19 10:12,3,0
19200755,4/5/19 8:56,0,0
192116,4/5/19 8:19,2,0
19200756,4/5/19 8:12,1,0
19200753,4/5/19 7:42,1,0
19200752,4/5/19 7:20,1,0
192181,4/5/19 2:00,0,0
19200762,4/5/19 1:30,0,0
192068,4/5/19 0:07,0,0
192640,4/5/19 0:01,0,0
192186,4/4/19 20:10,0,0
191985,4/4/19 19:56,1,0
191986,4/4/19 19:00,0,0
192033,4/4/19 18:36,5,0
192125,4/4/19 16:36,2,0
192074,4/4/19 16:30,0,0
192019,4/4/19 15:33,1,0
192045,4/4/19 14:40,3,0
192214,4/4/19 11:40,1,0
19200748,4/4/19 11:39,0,0
19200746,4/4/19 9:29,1,0
19200745,4/4/19 8:35,1,0
19200743,4/4/19 7:58,0,0
19200742,4/4/19 6:00,2,0
19200751,4/4/19 5:53,2,0
192014,4/4/19 5:30,0,0
192550,4/4/19 3:55,2,0
192006,4/4/19 1:40,1,0
192008,4/4/19 1:40,0,0
19200740,4/4/19 1:30,0,0
19200741,4/3/19 23:52,0,1
19200749,4/3/19 23:30,0,0
192013,4/3/19 23:00,0,0
192104,4/3/19 20:49,0,0
19200739,4/3/19 19:38,1,0
192080,4/3/19 19:00,0,0
19200738,4/3/19 18:55,1,0
192665,4/3/19 18:15,0,0
192003,4/3/19 17:50,1,0
19200736,4/3/19 17:50,2,0
19200750,4/3/19 17:31,0,0
19200737,4/3/19 17:30,0,0
192015,4/3/19 16:00,0,0
192092,4/3/19 15:53,3,0
192095,4/3/19 15:42,1,0
191990,4/3/19 14:30,0,0
192302,4/3/19 14:25,0,0
192307,4/3/19 13:30,0,0
19200734,4/3/19 13:04,1,0
191997,4/3/19 13:00,0,0
19200733,4/3/19 12:30,0,0
19200761,4/3/19 12:13,0,0
19200732,4/3/19 11:52,1,0
19200731,4/3/19 11:50,2,0
19200024,4/3/19 10:00,0,0
19200725,4/3/19 9:06,1,0
19200729,4/3/19 9:04,1,0
19200726,4/3/19 8:39,1,0
19200724,4/3/19 8:07,3,0
192170,4/3/19 8:00,0,0
192009,4/3/19 7:46,1,0
192073,4/3/19 7:34,1,0
19200722,4/3/19 7:10,1,0
19200721,4/3/19 5:00,1,0
19200754,4/3/19 2:31,0,0
192050,4/3/19 0:30,0,0
192543,4/3/19 0:01,0,0
192091,4/3/19 0:01,1,0
192024,4/3/19 0:01,0,0
192110,4/2/19 22:41,0,0
192053,4/2/19 19:55,0,0
192004,4/2/19 18:45,1,0
19200720,4/2/19 16:59,3,0
19200718,4/2/19 16:45,1,0
19200719,4/2/19 16:37,2,0
191988,4/2/19 16:16,0,0
191980,4/2/19 16:15,1,0
191971,4/2/19 16:05,2,0
191962,4/2/19 16:02,1,0
192145,4/2/19 14:40,1,0
19200764,4/2/19 14:35,0,0
192173,4/2/19 14:30,0,0
192161,4/2/19 14:11,1,0
191953,4/2/19 13:55,0,0
19200716,4/2/19 13:38,0,0
19200723,4/2/19 13:30,1,0
191965,4/2/19 11:29,1,0
191944,4/2/19 11:05,1,0
19200712,4/2/19 10:47,1,0
19200709,4/2/19 9:49,1,0
19200710,4/2/19 9:40,0,0
191999,4/2/19 9:17,0,0
192191,4/2/19 9:00,1,0
19200711,4/2/19 9:00,0,0
19200715,4/2/19 9:00,0,0
19200707,4/2/19 7:25,0,0
19200706,4/2/19 7:00,0,0
191959,4/2/19 6:20,0,0
192255,4/2/19 6:11,2,0
191938,4/2/19 0:59,0,0
192052,4/2/19 0:01,1,0
191996,4/2/19 0:01,0,0
192151,4/2/19 0:01,0,0
19200728,4/2/19 0:00,0,0
19200730,4/2/19 0:00,0,0
191915,4/1/19 21:00,1,0
191966,4/1/19 21:00,1,0
191995,4/1/19 20:00,0,0
191937,4/1/19 18:50,0,0
191914,4/1/19 18:43,1,0
191921,4/1/19 18:35,1,0
191954,4/1/19 17:46,0,0
191917,4/1/19 16:54,1,0
192001,4/1/19 16:30,0,0
192128,4/1/19 16:20,0,0
19200704,4/1/19 16:00,0,0
191979,4/1/19 15:55,1,0
19200703,4/1/19 14:05,0,0
19200705,4/1/19 13:42,0,0
191890,4/1/19 13:17,0,0
191940,4/1/19 11:00,0,0
191896,4/1/19 9:00,0,0
19200702,4/1/19 8:00,0,0
19200701,4/1/19 7:10,1,0
191913,4/1/19 6:30,1,0
191926,4/1/19 5:47,1,0
19200700,4/1/19 1:35,1,0
191945,4/1/19 0:01,0,0
191993,4/1/19 0:01,0,0
183372,4/30/18 23:07,0,0
183373,4/30/18 22:54,0,0
183378,4/30/18 20:45,0,0
183362,4/30/18 20:30,1,0
183537,4/30/18 20:14,1,0
183385,4/30/18 19:26,0,0
183376,4/30/18 18:43,1,0
183586,4/30/18 17:51,2,0
183434,4/30/18 17:30,0,0
183304,4/30/18 17:00,0,0
183418,4/30/18 15:00,0,0
183402,4/30/18 14:51,1,0
183368,4/30/18 14:05,0,0
183403,4/30/18 13:41,2,0
183517,4/30/18 13:23,3,0
183374,4/30/18 11:50,1,0
183400,4/30/18 11:09,1,0
183371,4/30/18 10:00,0,0
183532,4/30/18 10:00,1,0
183421,4/30/18 7:45,1,0
183364,4/30/18 7:00,0,0
183391,4/30/18 6:30,0,0
183363,4/30/18 6:17,0,0
183544,4/30/18 5:26,1,0
183414,4/30/18 0:01,0,0
183923,4/30/18 0:01,0,0
183318,4/29/18 22:40,0,0
183295,4/29/18 21:00,0,0
183457,4/29/18 19:55,2,0
183490,4/29/18 15:17,0,0
183577,4/29/18 15:00,0,0
184263,4/29/18 13:32,0,0
183312,4/29/18 13:07,0,0
183559,4/29/18 12:15,2,0
183299,4/29/18 11:30,0,0
183330,4/29/18 11:23,1,0
183482,4/29/18 9:57,0,0
183331,4/29/18 9:50,1,0
183419,4/29/18 9:00,0,0
183300,4/29/18 4:00,0,0
183315,4/29/18 3:30,0,0
183380,4/29/18 3:24,0,0
183489,4/29/18 2:33,2,0
183476,4/29/18 2:10,0,0
183308,4/29/18 1:52,0,0
183567,4/29/18 0:30,1,0
183313,4/29/18 0:01,0,0
183367,4/29/18 0:01,0,0
192658,4/29/18 0:00,0,0
183370,4/28/18 22:00,0,0
183323,4/28/18 21:54,1,0
183409,4/28/18 21:41,0,0
183366,4/28/18 21:00,0,0
183314,4/28/18 20:30,0,0
183317,4/28/18 20:14,0,0
183329,4/28/18 19:28,2,0
183375,4/28/18 19:02,0,0
183349,4/28/18 19:01,1,0
183662,4/28/18 18:30,0,0
183338,4/28/18 18:06,1,0
183497,4/28/18 17:09,1,0
183359,4/28/18 16:30,0,0
183340,4/28/18 15:46,1,0
183365,4/28/18 15:31,0,0
183303,4/28/18 13:45,0,0
183565,4/28/18 13:35,1,0
183388,4/28/18 12:51,0,0
183358,4/28/18 11:03,0,0
183339,4/28/18 10:00,1,0
183334,4/28/18 10:00,1,0
183307,4/28/18 6:15,0,0
183493,4/28/18 5:08,1,0
183379,4/28/18 3:53,0,0
183320,4/28/18 2:10,0,0
185645,4/28/18 1:25,0,0
183354,4/28/18 0:04,0,0
183744,4/28/18 0:01,0,0
183319,4/27/18 23:50,1,0
183327,4/27/18 23:49,5,0
189037,4/27/18 23:27,1,0
183343,4/27/18 23:17,1,0
183415,4/27/18 23:00,0,1
183760,4/27/18 22:45,3,0
183310,4/27/18 22:15,0,0
183369,4/27/18 22:15,0,0
183345,4/27/18 22:12,1,0
183383,4/27/18 21:44,0,0
183321,4/27/18 20:43,0,0
183465,4/27/18 18:55,0,0
183328,4/27/18 17:45,1,0
183496,4/27/18 16:15,0,0
183398,4/27/18 15:45,1,0
183326,4/27/18 15:08,2,0
183450,4/27/18 10:11,1,0
183347,4/27/18 9:14,2,0
183524,4/27/18 9:00,1,0
183775,4/27/18 8:44,0,0
183444,4/27/18 8:29,0,0
183516,4/27/18 8:00,1,0
183404,4/27/18 7:45,2,0
183542,4/27/18 7:30,1,0
183350,4/27/18 7:09,1,0
183298,4/27/18 4:10,0,0
183281,4/27/18 3:40,0,0
183335,4/27/18 0:10,2,0
183292,4/26/18 22:40,1,0
183332,4/26/18 22:19,1,0
183309,4/26/18 21:58,0,0
183355,4/26/18 20:38,0,0
183301,4/26/18 20:00,0,0
183297,4/26/18 19:46,0,0
183357,4/26/18 19:14,0,0
183356,4/26/18 19:14,0,0
183342,4/26/18 18:45,1,0
183344,4/26/18 18:10,1,0
183336,4/26/18 17:52,1,0
183283,4/26/18 17:50,0,0
183296,4/26/18 17:46,0,0
183446,4/26/18 13:35,0,0
183351,4/26/18 13:22,1,0
183581,4/26/18 13:20,0,0
183341,4/26/18 13:00,2,0
183478,4/26/18 12:00,1,0
183346,4/26/18 9:00,1,0
183287,4/26/18 8:08,0,0
183257,4/26/18 7:50,0,0
183525,4/26/18 6:58,1,0
183348,4/26/18 6:06,1,0
183274,4/25/18 21:25,1,0
183269,4/25/18 20:20,1,0
183266,4/25/18 20:10,1,0
183264,4/25/18 20:02,0,0
183286,4/25/18 20:00,0,0
183291,4/25/18 16:40,1,0
183273,4/25/18 15:27,1,0
184250,4/25/18 15:05,1,0
183268,4/25/18 14:00,2,0
183232,4/25/18 12:45,0,0
183265,4/25/18 11:20,1,0
183311,4/25/18 11:15,0,0
183270,4/25/18 10:10,1,0
183316,4/25/18 9:26,0,0
184011,4/25/18 9:20,0,0
183585,4/25/18 7:42,2,0
183275,4/25/18 0:28,1,0
183276,4/24/18 23:21,1,0
183449,4/24/18 21:34,0,0
183384,4/24/18 20:14,0,0
183262,4/24/18 19:16,0,0
183333,4/24/18 18:53,2,0
183288,4/24/18 18:03,0,0
183248,4/24/18 17:20,1,0
183394,4/24/18 17:15,0,0
183240,4/24/18 17:13,2,0
183452,4/24/18 16:00,2,0
183249,4/24/18 15:54,4,0
183324,4/24/18 15:45,1,0
183227,4/24/18 14:10,0,0
184010,4/24/18 12:30,1,0
183289,4/24/18 12:30,2,0
183261,4/24/18 11:15,0,0
183242,4/24/18 9:19,1,0
183222,4/24/18 9:00,0,0
183325,4/24/18 9:00,1,0
183293,4/24/18 8:24,1,0
183322,4/24/18 5:53,1,0
183188,4/24/18 1:25,0,0
183255,4/24/18 0:01,0,0
183236,4/23/18 23:40,1,0
183208,4/23/18 19:09,1,0
183230,4/23/18 19:00,0,0
183432,4/23/18 18:40,0,0
183189,4/23/18 18:05,0,0
183246,4/23/18 17:21,1,0
183272,4/23/18 17:15,1,0
183207,4/23/18 17:15,1,0
183198,4/23/18 16:46,1,0
183218,4/23/18 16:30,0,0
183239,4/23/18 15:20,3,0
183407,4/23/18 13:56,1,0
183377,4/23/18 13:40,3,0
183464,4/23/18 13:30,1,0
183209,4/23/18 13:30,0,0
183382,4/23/18 12:41,0,0
183229,4/23/18 11:30,0,0
183277,4/23/18 11:09,2,0
183221,4/23/18 11:00,0,0
183152,4/23/18 1:43,1,0
183226,4/23/18 0:01,0,0
183149,4/22/18 21:40,1,0
183228,4/22/18 20:39,0,0
183175,4/22/18 20:28,0,0
183153,4/22/18 20:20,1,0
184342,4/22/18 20:00,0,0
183127,4/22/18 18:45,0,0
183381,4/22/18 18:34,1,0
183128,4/22/18 18:20,0,0
183190,4/22/18 17:37,1,0
183200,4/22/18 15:10,0,0
183148,4/22/18 15:00,1,0
183305,4/22/18 14:52,0,0
183302,4/22/18 13:10,0,0
183217,4/22/18 12:55,0,0
183150,4/22/18 10:53,1,0
183125,4/22/18 5:30,0,0
183201,4/22/18 2:19,1,0
183146,4/22/18 1:54,1,0
183195,4/22/18 1:51,0,0
183223,4/22/18 0:10,0,0
183225,4/22/18 0:01,0,0
183186,4/21/18 23:35,0,0
183154,4/21/18 21:48,1,0
183138,4/21/18 21:30,1,0
183176,4/21/18 20:15,0,0
183193,4/21/18 19:54,0,0
183282,4/21/18 19:00,0,0
183237,4/21/18 18:45,3,0
183158,4/21/18 18:23,1,0
183211,4/21/18 18:13,1,0
183171,4/21/18 18:04,0,0
183412,4/21/18 18:00,0,0
183137,4/21/18 16:05,0,0
183156,4/21/18 15:46,1,0
183118,4/21/18 15:00,0,0
183526,4/21/18 12:43,1,0
183165,4/21/18 12:40,1,0
183247,4/21/18 12:26,2,0
184164,4/21/18 11:30,0,0
183250,4/21/18 10:57,1,0
183259,4/21/18 8:30,0,0
183252,4/21/18 7:40,0,0
183155,4/21/18 5:50,1,0
183129,4/21/18 0:36,0,0
183182,4/21/18 0:01,0,0
183185,4/21/18 0:01,0,0
183168,4/20/18 22:24,3,0
183124,4/20/18 22:20,0,0
183235,4/20/18 20:00,1,0
183173,4/20/18 18:25,0,0
183159,4/20/18 18:05,1,0
183162,4/20/18 16:24,0,0
183213,4/20/18 16:18,1,0
183210,4/20/18 15:08,1,0
183073,4/20/18 14:39,2,0
183197,4/20/18 13:22,0,0
183163,4/20/18 13:20,2,0
183164,4/20/18 13:00,2,0
183136,4/20/18 13:00,0,0
183131,4/20/18 11:40,0,0
183167,4/20/18 11:25,1,0
183169,4/20/18 11:14,1,0
183204,4/20/18 10:41,0,0
183445,4/20/18 9:55,0,0
183187,4/20/18 9:50,0,0
183216,4/20/18 9:40,0,0
183194,4/20/18 9:25,0,0
183267,4/20/18 8:27,1,0
183205,4/20/18 6:15,0,0
183595,4/20/18 5:00,0,0
183126,4/20/18 2:01,0,0
183234,4/20/18 0:01,0,0
183180,4/20/18 0:01,0,0
183120,4/20/18 0:01,0,0
183095,4/19/18 23:20,0,0
183263,4/19/18 23:08,0,0
183144,4/19/18 21:30,1,0
183130,4/19/18 21:00,0,0
183121,4/19/18 20:35,0,0
183174,4/19/18 18:00,0,0
183448,4/19/18 17:38,0,0
183122,4/19/18 17:30,0,0
183099,4/19/18 17:27,0,0
183352,4/19/18 17:01,2,0
183113,4/19/18 16:45,0,0
183110,4/19/18 16:45,0,0
183111,4/19/18 16:28,1,0
183074,4/19/18 15:15,1,0
183109,4/19/18 14:45,2,0
183170,4/19/18 14:44,2,0
183202,4/19/18 14:33,0,0
183145,4/19/18 13:50,0,0
183192,4/19/18 12:36,0,0
183107,4/19/18 12:15,1,0
183116,4/19/18 12:03,1,0
183142,4/19/18 11:41,1,0
183143,4/19/18 11:41,1,0
183166,4/19/18 11:26,1,0
183554,4/19/18 8:56,0,0
183161,4/19/18 8:28,1,0
183408,4/19/18 8:23,1,0
183080,4/19/18 0:23,2,0
183233,4/19/18 0:01,0,0
183178,4/18/18 23:25,0,0
183361,4/18/18 23:15,0,0
183101,4/18/18 21:45,0,0
183114,4/18/18 20:46,1,0
183134,4/18/18 20:40,0,0
183115,4/18/18 20:28,3,0
183091,4/18/18 20:00,0,0
183172,4/18/18 18:40,4,0
183258,4/18/18 18:40,1,0
183062,4/18/18 17:45,0,0
183086,4/18/18 17:44,1,0
183077,4/18/18 17:12,2,0
183081,4/18/18 16:57,1,0
183083,4/18/18 16:39,1,0
183076,4/18/18 16:30,1,0
183068,4/18/18 16:00,0,0
183084,4/18/18 15:20,2,0
183105,4/18/18 15:18,1,0
183063,4/18/18 15:15,0,0
183271,4/18/18 14:45,1,0
183132,4/18/18 14:40,0,0
183075,4/18/18 13:22,1,0
183078,4/18/18 12:57,0,0
183089,4/18/18 12:56,2,0
183203,4/18/18 11:40,0,0
183451,4/18/18 10:57,0,0
183085,4/18/18 8:15,2,0
183447,4/18/18 7:50,0,0
183521,4/18/18 7:00,1,0
184233,4/18/18 5:10,1,0
183056,4/18/18 3:11,0,0
183988,4/18/18 2:40,0,0
183055,4/18/18 1:40,1,0
183066,4/18/18 0:01,0,0
183183,4/18/18 0:01,0,0
183043,4/17/18 21:23,0,0
183096,4/17/18 20:30,0,0
183087,4/17/18 17:30,0,0
183729,4/17/18 17:06,0,1
183052,4/17/18 16:42,0,0
183243,4/17/18 16:41,1,0
183424,4/17/18 16:30,0,0
183054,4/17/18 16:29,3,0
183241,4/17/18 15:29,1,0
183058,4/17/18 14:33,1,0
183044,4/17/18 14:20,0,0
183220,4/17/18 14:10,1,0
183117,4/17/18 14:08,0,0
183212,4/17/18 13:41,2,0
183196,4/17/18 11:12,0,0
183123,4/17/18 10:30,0,0
182941,4/17/18 10:15,0,0
183065,4/17/18 10:05,0,0
183057,4/17/18 9:35,1,0
183049,4/17/18 8:41,0,0
183425,4/17/18 7:40,1,0
183119,4/17/18 7:15,0,0
183048,4/17/18 6:45,0,0
183199,4/17/18 2:35,0,0
183025,4/17/18 2:13,1,0
183098,4/17/18 0:01,0,0
183181,4/17/18 0:01,0,0
83032,4/16/18 23:43,1,0
183032,4/16/18 23:43,1,0
183022,4/16/18 21:30,1,0
183069,4/16/18 18:30,1,0
183000,4/16/18 17:55,0,0
183030,4/16/18 17:22,1,0
183206,4/16/18 17:11,1,0
183026,4/16/18 17:00,1,0
183023,4/16/18 16:22,1,0
183112,4/16/18 16:05,1,0
183135,4/16/18 16:00,0,0
183031,4/16/18 15:53,1,0
183007,4/16/18 15:48,0,0
183157,4/16/18 15:24,1,0
183045,4/16/18 14:54,0,0
18304,4/16/18 14:54,0,0
183003,4/16/18 13:00,0,0
183028,4/16/18 12:45,1,0
183008,4/16/18 12:35,0,0
183219,4/16/18 12:00,0,0
182911,4/16/18 11:55,0,0
183034,4/16/18 11:28,1,0
183428,4/16/18 11:17,1,0
183029,4/16/18 9:58,1,0
183014,4/16/18 7:59,1,0
183016,4/16/18 7:50,1,0
183067,4/16/18 0:01,0,0
182989,4/15/18 23:30,0,0
183290,4/15/18 23:06,0,0
183041,4/15/18 22:21,1,0
183215,4/15/18 21:01,2,0
183160,4/15/18 21:01,1,0
183064,4/15/18 18:00,0,0
182981,4/15/18 16:29,0,0
182990,4/15/18 14:28,0,0
182987,4/15/18 14:26,1,0
182995,4/15/18 13:50,0,0
183042,4/15/18 12:05,1,0
182955,4/15/18 9:17,0,0
182959,4/15/18 9:00,0,0
182944,4/15/18 8:24,0,0
182980,4/15/18 2:45,1,0
182954,4/15/18 2:05,0,0
182965,4/15/18 0:45,1,0
183015,4/15/18 0:05,0,0
182996,4/15/18 0:01,0,0
183389,4/15/18 0:01,0,0
183005,4/15/18 0:01,0,0
183094,4/15/18 0:01,0,0
182951,4/15/18 0:01,0,0
182943,4/14/18 23:30,0,0
182992,4/14/18 22:25,0,0
183337,4/14/18 22:04,0,0
183004,4/14/18 21:42,0,0
183244,4/14/18 20:55,0,0
183254,4/14/18 20:00,0,0
183179,4/14/18 19:38,0,0
183214,4/14/18 19:05,1,0
182997,4/14/18 18:00,1,0
183011,4/14/18 17:05,2,0
182952,4/14/18 16:50,0,0
182949,4/14/18 16:50,0,0
182978,4/14/18 16:33,1,0
183245,4/14/18 15:50,3,0
183133,4/14/18 15:48,0,0
183046,4/14/18 15:20,0,0
182970,4/14/18 15:03,1,0
186767,4/14/18 15:00,0,0
182971,4/14/18 14:14,1,0
182976,4/14/18 13:25,0,1
183088,4/14/18 13:20,1,0
183051,4/14/18 8:44,0,0
186683,4/14/18 8:40,0,0
183035,4/14/18 3:18,1,0
182948,4/14/18 1:54,0,0
182968,4/14/18 1:48,0,0
182950,4/14/18 0:01,0,0
183002,4/14/18 0:00,0,0
182942,4/13/18 23:15,0,0
182967,4/13/18 22:04,1,0
182963,4/13/18 20:10,1,0
182960,4/13/18 19:45,0,0
182985,4/13/18 19:43,2,0
183224,4/13/18 19:05,0,0
182956,4/13/18 18:30,0,0
182975,4/13/18 18:30,1,0
183097,4/13/18 18:25,0,0
183027,4/13/18 17:45,0,0
183033,4/13/18 17:28,1,0
183037,4/13/18 16:18,1,0
183104,4/13/18 15:45,1,0
182953,4/13/18 15:30,0,0
182969,4/13/18 13:50,1,0
182974,4/13/18 12:28,1,0
184154,4/13/18 11:43,1,0
186145,4/13/18 10:15,0,0
182983,4/13/18 9:40,1,0
183024,4/13/18 8:15,1,0
182982,4/13/18 7:50,2,0
183238,4/13/18 7:01,0,0
183021,4/13/18 6:21,0,0
183108,4/13/18 6:00,1,0
19200870,4/13/18 1:30,0,0
182935,4/13/18 1:27,0,0
182931,4/13/18 0:20,0,0
183750,4/13/18 0:01,0,0
182962,4/13/18 0:00,0,0
182966,4/12/18 23:06,1,0
183012,4/12/18 19:44,1,0
182917,4/12/18 18:00,0,0
182918,4/12/18 17:05,2,0
182988,4/12/18 16:45,0,0
182928,4/12/18 16:34,0,0
183103,4/12/18 15:38,0,0
182912,4/12/18 15:20,0,0
182936,4/12/18 14:51,1,0
183837,4/12/18 14:46,1,0
183102,4/12/18 13:45,3,0
182940,4/12/18 13:30,1,0
182945,4/12/18 13:00,0,0
183284,4/12/18 12:55,0,0
182984,4/12/18 12:10,1,0
182938,4/12/18 11:36,1,0
182998,4/12/18 11:00,0,0
183038,4/12/18 9:45,1,0
182999,4/12/18 8:45,0,0
183092,4/12/18 0:01,0,0
182914,4/12/18 0:01,0,0
182898,4/11/18 23:50,1,0
183285,4/11/18 23:00,0,0
183279,4/11/18 22:15,0,0
182930,4/11/18 21:41,0,0
183040,4/11/18 19:31,1,0
182977,4/11/18 19:16,1,0
182902,4/11/18 18:43,1,0
182958,4/11/18 18:00,0,0
182946,4/11/18 17:45,0,0
182939,4/11/18 17:43,1,0
182904,4/11/18 14:46,1,0
182890,4/11/18 14:44,0,0
183006,4/11/18 13:56,0,0
182973,4/11/18 13:35,1,0
182934,4/11/18 13:14,1,0
182903,4/11/18 12:39,1,0
182926,4/11/18 12:25,0,0
183060,4/11/18 12:05,0,0
182901,4/11/18 10:08,2,0
183151,4/11/18 8:47,1,0
182919,4/11/18 8:10,0,0
182889,4/11/18 3:06,0,0
183278,4/11/18 0:25,2,0
182933,4/11/18 0:10,1,0
182891,4/10/18 23:13,0,0
182947,4/10/18 20:35,0,0
182892,4/10/18 20:00,1,0
183260,4/10/18 19:45,0,0
182883,4/10/18 19:44,1,0
182993,4/10/18 19:05,0,0
182868,4/10/18 18:35,0,0
182888,4/10/18 17:50,0,0
182882,4/10/18 17:32,1,0
183010,4/10/18 17:19,0,0
182877,4/10/18 16:06,1,0
182923,4/10/18 15:44,3,0
183405,4/10/18 15:40,1,0
182872,4/10/18 15:00,0,0
182896,4/10/18 12:30,0,0
182986,4/10/18 12:05,1,0
182957,4/10/18 12:00,0,0
182925,4/10/18 10:41,0,0
182907,4/10/18 9:08,2,0
183100,4/10/18 8:50,0,0
184314,4/10/18 6:15,1,0
182853,4/10/18 0:52,2,0
182874,4/10/18 0:01,0,0
183177,4/9/18 23:15,0,0
183017,4/9/18 22:20,0,0
182841,4/9/18 20:50,0,0
182876,4/9/18 20:40,1,0
182840,4/9/18 19:07,2,0
182972,4/9/18 18:20,0,0
182776,4/9/18 18:18,0,0
182869,4/9/18 17:30,0,0
182845,4/9/18 16:12,1,0
182820,4/9/18 15:20,1,0
182819,4/9/18 15:15,0,0
182854,4/9/18 15:02,1,0
182879,4/9/18 13:34,1,0
182847,4/9/18 12:56,1,0
182916,4/9/18 12:34,0,0
182875,4/9/18 9:42,0,0
182838,4/9/18 7:09,3,0
182855,4/9/18 2:37,1,0
182791,4/9/18 1:20,0,0
183184,4/9/18 0:06,1,0
182822,4/8/18 20:59,0,0
182858,4/8/18 20:00,0,0
182784,4/8/18 17:00,0,0
182839,4/8/18 16:52,1,0
183147,4/8/18 15:54,1,0
182794,4/8/18 15:05,4,0
183139,4/8/18 13:40,1,0
182979,4/8/18 13:12,0,0
182895,4/8/18 12:04,0,0
182816,4/8/18 12:00,1,0
183039,4/8/18 11:00,2,0
182777,4/8/18 6:00,0,0
182880,4/8/18 2:03,0,0
182832,4/8/18 2:00,0,0
182886,4/8/18 1:27,1,0
182842,4/8/18 0:08,0,0
182817,4/8/18 0:01,0,0
182768,4/8/18 0:01,0,0
182881,4/7/18 23:07,1,0
182864,4/7/18 22:45,0,0
183140,4/7/18 21:55,2,0
182788,4/7/18 21:29,2,0
182792,4/7/18 20:45,1,0
182849,4/7/18 20:35,2,0
182834,4/7/18 20:30,0,0
182774,4/7/18 20:00,0,0
182769,4/7/18 20:00,0,0
182833,4/7/18 19:47,0,0
613,4/7/18 19:30,0,0
182859,4/7/18 19:25,0,0
182915,4/7/18 17:31,0,0
182852,4/7/18 17:00,1,0
182773,4/7/18 15:34,0,0
182804,4/7/18 15:00,1,0
182937,4/7/18 12:52,1,0
182770,4/7/18 11:41,0,0
182846,4/7/18 11:39,1,0
182793,4/7/18 10:32,0,0
182994,4/7/18 9:55,0,0
182813,4/7/18 8:57,0,0
182827,4/7/18 6:00,0,0
182807,4/7/18 1:48,0,0
182815,4/7/18 1:43,0,0
182831,4/7/18 1:30,1,0
182775,4/7/18 0:01,0,0
182801,4/6/18 21:20,0,0
183036,4/6/18 21:19,4,0
182812,4/6/18 21:00,0,0
182856,4/6/18 17:48,1,0
182795,4/6/18 17:40,1,0
182823,4/6/18 17:30,0,0
182835,4/6/18 15:36,0,0
182789,4/6/18 15:28,2,0
182799,4/6/18 14:17,1,0
182780,4/6/18 14:10,0,0
182850,4/6/18 14:00,1,0
182867,4/6/18 14:00,0,0
183053,4/6/18 13:39,1,0
182814,4/6/18 13:00,0,0
182787,4/6/18 11:50,1,0
182802,4/6/18 9:08,1,0
182803,4/6/18 8:45,1,0
182818,4/6/18 0:01,0,0
182742,4/5/18 22:41,0,0
182800,4/5/18 22:24,2,0
182825,4/5/18 21:45,0,0
1827756,4/5/18 21:35,1,0
182724,4/5/18 20:30,2,0
182764,4/5/18 18:30,0,0
183191,4/5/18 18:00,0,0
182865,4/5/18 17:32,0,0
182757,4/5/18 16:50,1,0
182961,4/5/18 16:48,0,0
182758,4/5/18 16:46,1,0
182781,4/5/18 16:30,0,0
182763,4/5/18 16:25,1,0
182811,4/5/18 16:10,0,0
182745,4/5/18 16:06,0,0
182746,4/5/18 12:00,0,0
182824,4/5/18 11:00,0,0
183386,4/5/18 9:44,2,0
182826,4/5/18 8:55,0,0
182906,4/5/18 8:36,1,0
182767,4/5/18 7:35,0,0
182766,4/5/18 7:31,1,0
182760,4/5/18 6:55,1,0
183106,4/5/18 6:30,0,0
182744,4/5/18 6:00,0,0
182796,4/5/18 5:58,1,0
183071,4/5/18 0:01,0,0
183070,4/5/18 0:01,0,0
183617,4/4/18 23:15,1,0
182779,4/4/18 22:05,0,0
182712,4/4/18 19:50,0,0
182736,4/4/18 18:24,0,0
182728,4/4/18 18:13,3,0
182873,4/4/18 18:00,1,0
182725,4/4/18 17:45,1,0
182765,4/4/18 17:38,3,0
182730,4/4/18 17:04,2,0
182798,4/4/18 16:45,1,0
182797,4/4/18 16:30,1,0
182727,4/4/18 16:25,1,0
182716,4/4/18 15:40,0,0
183090,4/4/18 15:21,1,0
182718,4/4/18 15:00,0,0
182752,4/4/18 14:50,0,0
182899,4/4/18 14:40,1,0
182851,4/4/18 14:26,2,0
182782,4/4/18 12:09,0,0
182738,4/4/18 11:52,1,0
182737,4/4/18 11:40,1,0
182786,4/4/18 11:25,1,0
182729,4/4/18 11:13,1,0
182836,4/4/18 9:20,1,0
182871,4/4/18 8:15,0,0
182884,4/4/18 8:11,1,0
182924,4/4/18 8:05,2,0
182783,4/4/18 7:59,0,0
182747,4/4/18 7:57,0,0
182837,4/4/18 7:36,2,0
182731,4/4/18 6:57,1,0
182714,4/4/18 0:15,0,0
182713,4/4/18 0:01,0,0
182778,4/4/18 0:01,0,0
182964,4/3/18 21:34,1,0
182715,4/3/18 21:15,0,0
182689,4/3/18 20:59,0,0
183019,4/3/18 20:15,1,0
182887,4/3/18 20:13,1,0
182870,4/3/18 19:00,0,0
182806,4/3/18 18:30,2,0
182905,4/3/18 18:14,1,0
182692,4/3/18 17:05,0,0
182698,4/3/18 16:28,1,0
182830,4/3/18 14:35,0,0
182829,4/3/18 14:35,0,0
182885,4/3/18 13:40,1,0
182759,4/3/18 11:08,1,0
182861,4/3/18 10:30,0,0
182862,4/3/18 1:00,0,0
182866,4/3/18 0:01,0,0
182733,4/2/18 20:40,1,0
182991,4/2/18 19:08,0,0
182687,4/2/18 16:40,0,0
182649,4/2/18 15:34,0,0
182662,4/2/18 15:25,2,0
182668,4/2/18 15:07,1,0
182909,4/2/18 12:15,0,0
182671,4/2/18 9:15,1,0
182708,4/2/18 7:54,0,0
182672,4/2/18 7:00,0,0
182670,4/2/18 6:45,0,0
182647,4/2/18 3:12,0,0
182709,4/2/18 2:00,0,0
7489,4/2/18 1:00,0,0
182676,4/2/18 0:30,0,0
182664,4/1/18 23:57,1,0
183251,4/1/18 21:55,2,0
182673,4/1/18 20:32,0,0
182696,4/1/18 20:10,3,0
182656,4/1/18 20:00,0,0
182560,4/1/18 19:53,0,0
182640,4/1/18 18:32,0,0
182932,4/1/18 18:02,2,0
182711,4/1/18 17:33,0,0
182702,4/1/18 17:18,1,0
182630,4/1/18 15:59,1,0
182704,4/1/18 15:42,1,0
182691,4/1/18 12:00,0,0
182592,4/1/18 11:06,1,0
182669,4/1/18 10:50,1,0
184543,4/1/18 9:15,2,0
182703,4/1/18 9:10,1,0
182680,4/1/18 8:48,0,0
182582,4/1/18 6:53,0,0
182828,4/1/18 4:15,0,0
182566,4/1/18 3:00,0,0
182587,4/1/18 2:00,0,0
182650,4/1/18 1:45,2,0
182575,4/1/18 1:00,0,0
182678,4/1/18 0:01,0,0
182857,4/1/18 0:01,0,0
182719,4/1/18 0:01,0,0